John,75,Male,100,Female,1
Joseph,69,Male,100,Female,1
Mary,68,Male,1,Female,100
Faith,67,Male,1,Female,100
Mercy,67,Male,1,Female,100
Peter,63,Male,100,Female,1
Brian,59,Male,100,Female,1
David,54,Male,100,Female,1
James,50,Male,100,Female,1
Sharon,45,Male,1,Female,100
Esther,44,Male,1,Female,100
Samuel,41,Male,100,Female,1
Daniel,40,Male,100,Female,1
Stephen,40,Male,100,Female,1
Kelvin,37,Male,100,Female,1
Ibrahim,35,Male,86,Female,14
Elizabeth,35,Male,1,Female,100
Mohamed,34,Male,88,Female,12
Dennis,34,Male,100,Female,1
Jane,32,Male,1,Female,100
Emmanuel,32,Male,100,Female,1
Paul,32,Male,100,Female,1
Grace,32,Male,1,Female,100
Victor,31,Male,100,Female,1
Ruth,30,Male,1,Female,100
Moses,30,Male,100,Female,1
Lucy,29,Male,1,Female,100
Kevin,29,Male,100,Female,1
Caroline,29,Male,1,Female,100
Wanjiru,28,Male,29,Female,71
Michael,28,Male,100,Female,1
Francis,27,Male,100,Female,1
Christine,26,Male,1,Female,100
Charles,25,Male,100,Female,1
Vincent,25,Male,100,Female,1
Nancy,25,Male,1,Female,100
Margaret,25,Male,1,Female,100
Ann,24,Male,1,Female,100
Alex,24,Male,100,Female,1
Simon,24,Male,100,Female,1
Lilian,23,Male,1,Female,100
George,23,Male,100,Female,1
Otieno,23,Male,60,Female,40
Patrick,23,Male,100,Female,1
Joyce,23,Male,1,Female,100
Purity,23,Male,1,Female,100
Eunice,22,Male,1,Female,100
Susan,22,Male,1,Female,100
Jackline,22,Male,1,Female,100
Rose,21,Male,1,Female,100
Evans,21,Male,100,Female,1
Collins,21,Male,100,Female,1
Beatrice,21,Male,1,Female,100
Diana,20,Male,1,Female,100
Cynthia,20,Male,1,Female,100
Kennedy,20,Male,100,Female,1
Mwangi,20,Male,59,Female,41
Isaac,19,Male,100,Female,1
Edwin,19,Male,100,Female,1
Catherine,19,Male,1,Female,100
Ali,18,Male,87,Female,13
Brenda,18,Male,1,Female,100
Erick,18,Male,100,Female,1
Felix,18,Male,100,Female,1
Sarah,18,Male,1,Female,100
Naomi,18,Male,1,Female,100
Irene,18,Male,1,Female,100
Joshua,18,Male,100,Female,1
Abdi,18,Male,95,Female,5
Alice,17,Male,1,Female,100
Martin,17,Male,100,Female,1
Robert,17,Male,100,Female,1
Fatuma,17,Male,1,Female,100
Amos,17,Male,100,Female,1
Denis,16,Male,100,Female,1
Gladys,16,Male,1,Female,100
Hassan,16,Male,90,Female,10
Agnes,16,Male,1,Female,100
Vivian,16,Male,1,Female,100
Julius,16,Male,100,Female,1
Benson,16,Male,100,Female,1
Benard,16,Male,100,Female,1
Lydia,16,Male,1,Female,100
Dorcas,16,Male,1,Female,100
Joan,15,Male,1,Female,100
Fredrick,15,Male,100,Female,1
Abdirahman,15,Male,50,Female,50
Nicholas,15,Male,100,Female,1
Jackson,15,Male,100,Female,1
Samwel,15,Male,100,Female,1
Hellen,15,Male,1,Female,100
Janet,15,Male,1,Female,100
Ian,15,Male,100,Female,1
Eric,15,Male,100,Female,1
Odhiambo,14,Male,64,Female,36
Maina,14,Male,59,Female,41
Pauline,14,Male,1,Female,100
Richard,14,Male,100,Female,1
Ochieng,14,Male,67,Female,33
Antony,14,Male,100,Female,1
Florence,14,Male,1,Female,100
Juma,14,Male,67,Female,33
William,14,Male,100,Female,1
Sheila,13,Male,1,Female,100
Maureen,13,Male,1,Female,100
Philip,12,Male,100,Female,1
Winnie,12,Male,1,Female,100
Samson,12,Male,100,Female,1
Shadrack,12,Male,100,Female,1
Ahmed,11,Male,92,Female,8
Joy,11,Male,1,Female,100
Joel,11,Male,100,Female,1
Wilson,11,Male,100,Female,1
Thomas,11,Male,100,Female,1
Emily,11,Male,1,Female,100
Hussein,11,Male,90,Female,10
Miriam,11,Male,1,Female,100
Omondi,11,Male,69,Female,31
Kamau,11,Male,61,Female,39
Onyango,11,Male,66,Female,34
Geoffrey,11,Male,100,Female,1
Bonface,10,Male,100,Female,1
Abigael,10,Male,1,Female,100
Halima,10,Male,1,Female,100
Hillary,10,Male,100,Female,1
Judith,10,Male,1,Female,100
Jacob,10,Male,100,Female,1
Andrew,10,Male,100,Female,1
Damaris,10,Male,1,Female,100
Abdullahi,10,Male,50,Female,50
Tabitha,10,Male,1,Female,100
Gideon,10,Male,100,Female,1
Nafula,10,Male,1,Female,100
Benjamin,10,Male,100,Female,1
Mark,10,Male,100,Female,1
Timothy,10,Male,100,Female,1
Adan,10,Male,95,Female,5
Charity,10,Male,1,Female,100
Sammy,10,Male,95,Female,5
Linet,10,Male,1,Female,100
Dominic,10,Male,100,Female,1
Wafula,10,Male,78,Female,22
Millicent,10,Male,1,Female,100
Amina,10,Male,1,Female,100
Leah,9,Male,1,Female,100
Salim,9,Male,81,Female,19
Anne,9,Male,1,Female,100
Martha,9,Male,1,Female,100
Titus,9,Male,100,Female,1
Josephine,9,Male,1,Female,100
Henry,9,Male,100,Female,1
Elijah,9,Male,100,Female,1
Sylvia,9,Male,1,Female,100
Anthony,9,Male,100,Female,1
Edward,9,Male,100,Female,1
Kemunto,9,Male,1,Female,100
Josphat,9,Male,100,Female,1
Allan,9,Male,100,Female,1
Wambui,9,Male,24,Female,76
Stanley,8,Male,100,Female,1
Gilbert,8,Male,100,Female,1
Abdikadir,8,Male,50,Female,50
Njoroge,8,Male,60,Female,40
Kyalo,8,Male,59,Female,41
Kariuki,8,Male,54,Female,46
Yvonne,8,Male,1,Female,100
Ismail,8,Male,86,Female,14
Christopher,8,Male,100,Female,1
Wanjiku,8,Male,27,Female,73
Daisy,8,Male,1,Female,100
Nelly,8,Male,1,Female,100
Omar,8,Male,87,Female,13
Njeri,8,Male,24,Female,76
Mutua,8,Male,51,Female,49
Nelson,8,Male,100,Female,1
Ouma,8,Male,61,Female,39
Alfred,8,Male,100,Female,1
Clinton,8,Male,100,Female,1
Enock,8,Male,100,Female,1
Kenneth,8,Male,100,Female,1
Betty,8,Male,1,Female,100
Stella,8,Male,1,Female,100
Elvis,8,Male,100,Female,1
Doreen,8,Male,1,Female,100
Salome,8,Male,1,Female,100
Veronica,8,Male,1,Female,100
Judy,8,Male,1,Female,100
Fridah,8,Male,1,Female,100
Teresia,7,Male,1,Female,100
Duncan,7,Male,100,Female,1
Suleiman,7,Male,89,Female,11
Rashid,7,Male,84,Female,16
Monica,7,Male,1,Female,100
Atieno,7,Male,1,Female,100
Rebecca,7,Male,1,Female,100
Dickson,7,Male,100,Female,1
Caren,7,Male,1,Female,100
Hannah,7,Male,1,Female,100
Carolyne,7,Male,1,Female,100
Valentine,7,Male,2,Female,98
Moraa,7,Male,1,Female,100
Everlyne,7,Male,1,Female,100
Lawrence,7,Male,100,Female,1
Juliet,7,Male,1,Female,100
Wanjala,7,Male,77,Female,23
Muthoni,7,Male,26,Female,74
Josphine,7,Male,1,Female,100
Monicah,7,Male,1,Female,100
Solomon,7,Male,100,Female,1
Meshack,7,Male,100,Female,1
Caleb,7,Male,100,Female,1
Wambua,7,Male,52,Female,48
Marion,7,Male,1,Female,100
Kerubo,7,Male,1,Female,100
Gloria,7,Male,1,Female,100
Irine,7,Male,1,Female,100
Winfred,7,Male,1,Female,100
Simiyu,7,Male,80,Female,20
Abraham,7,Male,100,Female,1
Jeremiah,7,Male,100,Female,1
Boniface,7,Male,100,Female,1
Akinyi,7,Male,1,Female,100
Violet,7,Male,1,Female,100
Hamisi,7,Male,80,Female,20
Kibet,6,Male,95,Female,5
Gabriel,6,Male,100,Female,1
Kimani,6,Male,57,Female,43
Rosemary,6,Male,1,Female,100
Raphael,6,Male,100,Female,1
Dorothy,6,Male,1,Female,100
Jacinta,6,Male,1,Female,100
Mariam,6,Male,1,Female,100
Justus,6,Male,100,Female,1
Mutuku,6,Male,52,Female,48
Reuben,6,Male,100,Female,1
Derrick,6,Male,100,Female,1
Achieng,6,Male,1,Female,100
Ezekiel,6,Male,100,Female,1
Njuguna,6,Male,58,Female,42
Ronald,6,Male,100,Female,1
Maurine,6,Male,1,Female,100
Wekesa,6,Male,80,Female,20
Nekesa,6,Male,1,Female,100
Bernard,6,Male,100,Female,1
Linda,6,Male,1,Female,100
Lewis,6,Male,100,Female,1
Regina,6,Male,1,Female,100
Leonard,6,Male,100,Female,1
Rachael,6,Male,1,Female,100
Cecilia,6,Male,1,Female,100
Silas,6,Male,100,Female,1
Abdiaziz,6,Male,50,Female,50
Festus,5,Male,100,Female,1
Jonathan,5,Male,100,Female,1
Peris,5,Male,1,Female,100
Abdifatah,5,Male,50,Female,50
Asha,5,Male,1,Female,100
Godfrey,5,Male,100,Female,1
Geofrey,5,Male,100,Female,1
Said,5,Male,89,Female,11
Musyoka,5,Male,51,Female,49
Rael,5,Male,1,Female,100
Douglas,5,Male,100,Female,1
Bishar,5,Male,50,Female,50
Dancan,5,Male,100,Female,1
Emmaculate,5,Male,1,Female,100
Eliud,5,Male,100,Female,1
Patricia,5,Male,1,Female,100
Kioko,5,Male,55,Female,45
Teresa,5,Male,1,Female,100
Kwamboka,5,Male,1,Female,100
Pius,5,Male,100,Female,1
Veronicah,5,Male,1,Female,100
Rehema,5,Male,1,Female,100
Morris,5,Male,100,Female,1
Elias,5,Male,100,Female,1
Doris,5,Male,1,Female,100
Macharia,5,Male,64,Female,36
Pamela,5,Male,1,Female,100
Musa,5,Male,96,Female,4
Mildred,5,Male,1,Female,100
Mathew,5,Male,100,Female,1
Celestine,5,Male,1,Female,100
Edith,5,Male,1,Female,100
Barasa,5,Male,69,Female,31
Fred,5,Male,100,Female,1
Nanjala,5,Male,1,Female,100
Frankline,5,Male,100,Female,1
Lydiah,5,Male,1,Female,100
Everline,5,Male,1,Female,100
Wairimu,5,Male,22,Female,78
Isaiah,5,Male,100,Female,1
Victoria,5,Male,1,Female,100
Harrison,5,Male,100,Female,1
Zipporah,5,Male,1,Female,100
Mutinda,5,Male,51,Female,49
Newton,4,Male,100,Female,1
Osman,4,Male,88,Female,12
Annah,4,Male,1,Female,100
Wycliffe,4,Male,100,Female,1
Karanja,4,Male,58,Female,42
Khadija,4,Male,1,Female,100
Mohammed,4,Male,84,Female,16
Beth,4,Male,1,Female,100
Yusuf,4,Male,86,Female,14
Margret,4,Male,1,Female,100
Nyambura,4,Male,21,Female,79
Risper,4,Male,1,Female,100
Virginia,4,Male,1,Female,100
Owino,4,Male,62,Female,38
Wangui,4,Male,23,Female,77
Muktar,4,Male,50,Female,50
Issa,4,Male,91,Female,9
Deborah,4,Male,1,Female,100
Albert,4,Male,100,Female,1
Mercyline,4,Male,1,Female,100
Adhiambo,4,Male,50,Female,50
Okoth,4,Male,66,Female,34
Jared,4,Male,100,Female,1
Job,4,Male,100,Female,1
Abdinasir,4,Male,50,Female,50
Rodgers,4,Male,100,Female,1
Yussuf,4,Male,99,Female,1
Wangari,4,Male,23,Female,77
Sophia,4,Male,1,Female,100
Ivy,4,Male,1,Female,100
Derick,4,Male,100,Female,1
Johnson,4,Male,100,Female,1
Peninah,4,Male,1,Female,100
Oduor,4,Male,57,Female,43
Beryl,4,Male,1,Female,100
Oscar,4,Male,100,Female,1
Anna,4,Male,1,Female,100
Silvia,4,Male,1,Female,100
Jelagat,4,Male,1,Female,100
Aisha,4,Male,1,Female,100
Nickson,4,Male,100,Female,1
Wilfred,4,Male,100,Female,1
Kiprotich,4,Male,100,Female,1
Winny,4,Male,1,Female,100
Njoki,4,Male,23,Female,77
Abdirashid,4,Male,50,Female,50
Serah,4,Male,1,Female,100
Wanyonyi,4,Male,74,Female,26
Nyongesa,4,Male,66,Female,34
Kinyua,4,Male,53,Female,47
Maria,4,Male,1,Female,100
Cyrus,4,Male,100,Female,1
Abubakar,4,Male,89,Female,11
Nasimiyu,4,Male,50,Female,50
Aron,4,Male,100,Female,1
Kipkoech,4,Male,100,Female,1
Melvin,4,Male,17,Female,83
Gitonga,4,Male,51,Female,49
Walter,4,Male,100,Female,1
Kiptoo,4,Male,97,Female,3
Naomy,4,Male,1,Female,100
Julia,4,Male,1,Female,100
Anyango,4,Male,1,Female,100
Angela,4,Male,1,Female,100
Mbugua,4,Male,57,Female,43
Mohamud,4,Male,93,Female,7
Tonny,4,Male,100,Female,1
Waweru,4,Male,54,Female,46
Magdaline,4,Male,1,Female,100
Sandra,4,Male,1,Female,100
Onesmus,4,Male,100,Female,1
Zakaria,4,Male,100,Female,1
Wesley,4,Male,100,Female,1
Mirriam,4,Male,1,Female,100
Ramadhan,4,Male,91,Female,9
Haron,4,Male,100,Female,1
Abdirizak,4,Male,50,Female,50
Chege,3,Male,57,Female,43
Daud,3,Male,87,Female,13
Stacy,3,Male,1,Female,100
Immaculate,3,Male,1,Female,100
Hilda,3,Male,1,Female,100
Ngugi,3,Male,53,Female,47
Mourine,3,Male,1,Female,100
Tom,3,Male,96,Female,4
Mwendwa,3,Male,53,Female,47
Mike,3,Male,100,Female,1
Cosmas,3,Male,100,Female,1
Belinda,3,Male,1,Female,100
Alvin,3,Male,100,Female,1
Steven,3,Male,100,Female,1
Kiprono,3,Male,99,Female,1
Njeru,3,Male,48,Female,52
Loise,3,Male,1,Female,100
Tracy,3,Male,1,Female,100
Viola,3,Male,1,Female,100
Habiba,3,Male,1,Female,100
Milka,3,Male,1,Female,100
Ezra,3,Male,100,Female,1
Emma,3,Male,1,Female,100
Neema,3,Male,1,Female,100
Evaline,3,Male,1,Female,100
Rahma,3,Male,1,Female,100
Moureen,3,Male,1,Female,100
Muriithi,3,Male,59,Female,41
Abel,3,Male,100,Female,1
Davis,3,Male,100,Female,1
Mwende,3,Male,8,Female,92
Maurice,3,Male,100,Female,1
Mburu,3,Male,54,Female,46
Gerald,3,Male,100,Female,1
Evalyne,3,Male,1,Female,100
Rukia,3,Male,1,Female,100
Kiprop,3,Male,96,Female,4
Roseline,3,Male,1,Female,100
Ken,3,Male,100,Female,1
Maryan,3,Male,50,Female,50
Shukri,3,Male,50,Female,50
Nyaboke,3,Male,1,Female,100
Glory,3,Male,50,Female,50
Musyoki,3,Male,54,Female,46
Irungu,3,Male,52,Female,48
Noah,3,Male,100,Female,1
Loice,3,Male,1,Female,100
Maxwell,3,Male,100,Female,1
Mwaura,3,Male,53,Female,47
Cheruiyot,3,Male,87,Female,13
Austine,3,Male,100,Female,1
Nyaga,3,Male,49,Female,51
Abdihakim,3,Male,97,Female,3
Zamzam,3,Male,50,Female,50
Norah,3,Male,1,Female,100
Elisha,3,Male,100,Female,1
Kimutai,3,Male,94,Female,6
Gitau,3,Male,51,Female,49
Kiplagat,3,Male,83,Female,17
Rahab,3,Male,1,Female,100
Nasra,3,Male,50,Female,50
Laban,3,Male,100,Female,1
Naliaka,3,Male,1,Female,100
Kipkorir,3,Male,100,Female,1
Josephat,3,Male,100,Female,1
Abdinoor,3,Male,50,Female,50
Harriet,3,Male,1,Female,100
Muli,3,Male,52,Female,48
Yahya,3,Male,99,Female,1
Auma,3,Male,50,Female,50
Noor,3,Male,92,Female,8
Justine,3,Male,73,Female,27
Moreen,3,Male,1,Female,100
Oliver,3,Male,97,Female,3
Steve,3,Male,100,Female,1
Issack,3,Male,98,Female,2
Mungai,3,Male,64,Female,36
Awuor,3,Male,50,Female,50
Michelle,3,Male,50,Female,50
Ndungu,3,Male,59,Female,41
Nathan,3,Male,100,Female,1
Harun,3,Male,100,Female,1
Augustine,3,Male,100,Female,1
Mutisya,3,Male,52,Female,48
Alexander,3,Male,100,Female,1
Dorine,3,Male,1,Female,100
Eugene,3,Male,100,Female,1
Selina,3,Male,1,Female,100
Wachira,3,Male,57,Female,43
Ayub,3,Male,98,Female,2
Tony,3,Male,100,Female,1
Cornelius,3,Male,100,Female,1
Boaz,3,Male,100,Female,1
Getrude,3,Male,1,Female,100
Mutunga,3,Male,53,Female,47
Aden,3,Male,97,Female,3
Akoth,3,Male,1,Female,100
Abdalla,3,Male,77,Female,23
Bakari,3,Male,86,Female,14
Mwaniki,3,Male,54,Female,46
Karen,3,Male,1,Female,100
Dan,3,Male,100,Female,1
Chris,3,Male,100,Female,1
Rachel,3,Male,1,Female,100
Japheth,3,Male,100,Female,1
Philemon,3,Male,100,Female,1
Farhiya,3,Male,50,Female,50
Ng'ang'a,3,Male,58,Female,42
Salma,3,Male,1,Female,100
Stellah,3,Male,1,Female,100
Mwenda,3,Male,50,Female,50
Priscilla,3,Male,1,Female,100
Phoebe,3,Male,1,Female,100
Joyline,3,Male,1,Female,100
Jebet,3,Male,1,Female,100
Rhoda,3,Male,1,Female,100
Saumu,3,Male,1,Female,100
Benedict,3,Male,100,Female,1
Maxwel,2,Male,100,Female,1
Eugine,2,Male,100,Female,1
Dorcus,2,Male,1,Female,100
Raymond,2,Male,100,Female,1
Lucas,2,Male,100,Female,1
Chebet,2,Male,1,Female,100
Racheal,2,Male,1,Female,100
Teresiah,2,Male,1,Female,100
Jeniffer,2,Male,1,Female,100
Njenga,2,Male,57,Female,43
Japhet,2,Male,100,Female,1
Simion,2,Male,100,Female,1
Najma,2,Male,50,Female,50
Ernest,2,Male,100,Female,1
Ndung'u,2,Male,62,Female,38
Munene,2,Male,79,Female,21
Murithi,2,Male,65,Female,35
Jecinta,2,Male,1,Female,100
Baraka,2,Male,99,Female,1
Humphrey,2,Male,100,Female,1
Juliana,2,Male,1,Female,100
Patience,2,Male,1,Female,100
Mwanzia,2,Male,54,Female,46
Hosea,2,Male,100,Female,1
Nicholus,2,Male,100,Female,1
Roselyne,2,Male,1,Female,100
Calvin,2,Male,86,Female,14
Felister,2,Male,1,Female,100
Karisa,2,Male,50,Female,50
Munyao,2,Male,60,Female,40
Laura,2,Male,1,Female,100
Penina,2,Male,1,Female,100
Kipruto,2,Male,97,Female,3
Linus,2,Male,100,Female,1
Reagan,2,Male,100,Female,1
Danson,2,Male,100,Female,1
Quinter,2,Male,1,Female,100
Arnold,2,Male,100,Female,1
Sheilah,2,Male,1,Female,100
Rodah,2,Male,1,Female,100
Robinson,2,Male,100,Female,1
Evance,2,Male,100,Female,1
Ismael,2,Male,100,Female,1
Sabina,2,Male,1,Female,100
Valary,2,Male,1,Female,100
Sylvester,2,Male,100,Female,1
Bosibori,2,Male,1,Female,100
Prisca,2,Male,1,Female,100
Charo,2,Male,67,Female,33
Musembi,2,Male,53,Female,47
Clare,2,Male,1,Female,100
Muriuki,2,Male,58,Female,42
Muema,2,Male,52,Female,48
Metrine,2,Male,1,Female,100
Idris,2,Male,87,Female,13
Jepkoech,2,Male,1,Female,100
Naima,2,Male,50,Female,50
Willy,2,Male,95,Female,5
Riziki,2,Male,4,Female,96
Kinyanjui,2,Male,65,Female,35
Wendy,2,Male,1,Female,100
Mugo,2,Male,53,Female,47
Dinah,2,Male,1,Female,100
Teddy,2,Male,100,Female,1
Sally,2,Male,1,Female,100
Clement,2,Male,100,Female,1
Edna,2,Male,1,Female,100
Fatma,2,Male,50,Female,50
Kilonzo,2,Male,53,Female,47
Khalid,2,Male,50,Female,50
Peterson,2,Male,100,Female,1
Awino,2,Male,50,Female,50
Mwikali,2,Male,14,Female,86
Kiplangat,2,Male,100,Female,1
Kipngetich,2,Male,100,Female,1
Mumo,2,Male,54,Female,46
Dianah,2,Male,1,Female,100
Kipchumba,2,Male,95,Female,5
Kazungu,2,Male,50,Female,50
Sahara,2,Male,50,Female,50
Siyad,2,Male,50,Female,50
Rotich,2,Male,71,Female,29
Feisal,2,Male,100,Female,1
Kuria,2,Male,54,Female,46
Wamalwa,2,Male,63,Female,37
Ambrose,2,Male,100,Female,1
Consolata,2,Male,1,Female,100
Anderson,2,Male,100,Female,1
Abass,2,Male,50,Female,50
Alphonce,2,Male,100,Female,1
Jeff,2,Male,100,Female,1
Jerop,2,Male,1,Female,100
Lucia,2,Male,1,Female,100
Mulwa,2,Male,51,Female,49
Kipkemoi,2,Male,96,Female,4
Billy,2,Male,100,Female,1
Carol,2,Male,1,Female,100
Sofia,2,Male,1,Female,100
Lavender,2,Male,1,Female,100
Shem,2,Male,100,Female,1
Muchiri,2,Male,54,Female,46
Zeinab,2,Male,50,Female,50
Adam,2,Male,95,Female,5
Yasmin,2,Male,50,Female,50
Makau,2,Male,54,Female,46
Jack,2,Male,100,Female,1
Fancy,2,Male,1,Female,100
Mueni,2,Male,15,Female,85
Kimathi,2,Male,64,Female,36
Jeruto,2,Male,1,Female,100
Frank,2,Male,100,Female,1
Priscah,2,Male,1,Female,100
Koech,2,Male,70,Female,30
Fidelis,2,Male,39,Female,61
Jamal,2,Male,97,Female,3
Nicole,2,Male,50,Female,50
Wainaina,2,Male,60,Female,40
Kipchirchir,2,Male,100,Female,1
Saidi,2,Male,85,Female,15
Lavenda,2,Male,50,Female,50
Makokha,2,Male,53,Female,47
Muhumed,2,Male,50,Female,50
Roy,2,Male,100,Female,1
Emilly,2,Male,1,Female,100
Fardowsa,2,Male,50,Female,50
Phylis,2,Male,1,Female,100
Brendah,2,Male,1,Female,100
Okumu,2,Male,65,Female,35
Velma,2,Male,1,Female,100
Noel,2,Male,36,Female,64
Hezron,2,Male,100,Female,1
Kassim,2,Male,86,Female,14
Micah,2,Male,100,Female,1
Abdimalik,2,Male,50,Female,50
Tobias,2,Male,100,Female,1
Abdirizack,2,Male,50,Female,50
Angeline,2,Male,1,Female,100
Ndegwa,2,Male,60,Female,40
Kenedy,2,Male,100,Female,1
Jemimah,2,Male,1,Female,100
Anita,2,Male,1,Female,100
Hesbon,2,Male,100,Female,1
Muiruri,2,Male,61,Female,39
Kahindi,2,Male,50,Female,50
Amani,2,Male,86,Female,14
Lameck,2,Male,100,Female,1
Njagi,2,Male,51,Female,49
Carren,2,Male,1,Female,100
Kemboi,2,Male,71,Female,29
Elosy,2,Male,1,Female,100
Katana,2,Male,69,Female,31
Elly,2,Male,100,Female,1
Naom,2,Male,1,Female,100
Erastus,2,Male,100,Female,1
Nicodemus,2,Male,100,Female,1
Lorna,2,Male,1,Female,100
Hadija,2,Male,1,Female,100
Mwangangi,2,Male,52,Female,48
Emmah,2,Male,1,Female,100
Mutiso,2,Male,52,Female,48
Prudence,2,Male,1,Female,100
Swaleh,2,Male,78,Female,22
Johnstone,2,Male,100,Female,1
Jemutai,2,Male,1,Female,100
Magdalene,2,Male,1,Female,100
Jepkorir,2,Male,1,Female,100
Mugambi,2,Male,66,Female,34
Morgan,2,Male,100,Female,1
Nganga,2,Male,52,Female,48
Annet,2,Male,1,Female,100
Nelima,2,Male,1,Female,100
Hamza,2,Male,100,Female,1
Francisca,2,Male,1,Female,100
Omari,2,Male,83,Female,17
Gesare,2,Male,1,Female,100
Levis,2,Male,100,Female,1
Godwin,2,Male,100,Female,1
Momanyi,2,Male,79,Female,21
Shaban,2,Male,83,Female,17
Saadia,2,Male,50,Female,50
Korir,2,Male,76,Female,24
Hawa,2,Male,1,Female,100
Rita,2,Male,1,Female,100
Daudi,2,Male,82,Female,18
Jimmy,2,Male,100,Female,1
Wanja,2,Male,21,Female,79
Linah,2,Male,1,Female,100
Billow,2,Male,50,Female,50
Hildah,2,Male,1,Female,100
Hafsa,2,Male,1,Female,100
Abdiwahab,2,Male,50,Female,50
Jonah,2,Male,100,Female,1
Jepchumba,2,Male,1,Female,100
Oluoch,2,Male,62,Female,38
Farah,2,Male,50,Female,50
Jeptoo,2,Male,1,Female,100
Karimi,2,Male,26,Female,74
Abdul,2,Male,87,Female,13
Ndirangu,2,Male,59,Female,41
Ashley,2,Male,50,Female,50
Jesca,2,Male,1,Female,100
Jennifer,2,Male,1,Female,100
Guyo,2,Male,50,Female,50
Jerotich,2,Male,1,Female,100
Odongo,2,Male,61,Female,39
Wanyama,2,Male,72,Female,28
Calvince,2,Male,100,Female,1
Weldon,2,Male,100,Female,1
Jepchirchir,2,Male,1,Female,100
Opiyo,2,Male,63,Female,37
Sumeya,2,Male,50,Female,50
Wanjohi,2,Male,59,Female,41
Sifuna,2,Male,81,Female,19
Adow,2,Male,50,Female,50
Nuru,2,Male,3,Female,97
Jerono,2,Male,1,Female,100
Gedion,2,Male,100,Female,1
Mwanamisi,2,Male,1,Female,100
Eva,2,Male,1,Female,100
Mustafa,2,Male,93,Female,7
Wycliff,2,Male,100,Female,1
Terry,2,Male,1,Female,99
Rama,2,Male,86,Female,14
Keneth,2,Male,100,Female,1
Langat,2,Male,79,Female,21
Githinji,2,Male,62,Female,38
Mohamednoor,2,Male,50,Female,50
Jimale,2,Male,50,Female,50
Keith,2,Male,100,Female,1
Dismas,2,Male,100,Female,1
Leila,2,Male,1,Female,100
Abdisalan,2,Male,50,Female,50
Annastacia,2,Male,1,Female,100
Yunis,2,Male,75,Female,25
Hamdi,2,Male,50,Female,50
Zacharia,2,Male,100,Female,1
Josiah,2,Male,100,Female,1
Hope,2,Male,50,Female,50
Abdikarim,2,Male,50,Female,50
Gregory,2,Male,100,Female,1
Felistus,2,Male,1,Female,100
Muthui,2,Male,53,Female,47
Vallary,2,Male,1,Female,100
Fartun,2,Male,50,Female,50
Nyanchama,2,Male,1,Female,100
Lucky,2,Male,67,Female,33
Lenah,2,Male,1,Female,100
Joash,2,Male,100,Female,1
Isaack,2,Male,100,Female,1
Tyson,2,Male,100,Female,1
Mbithi,2,Male,53,Female,47
Vicky,2,Male,1,Female,100
Jesse,2,Male,100,Female,1
Luka,2,Male,96,Female,4
Mahat,2,Male,50,Female,50
Jumaa,2,Male,50,Female,50
Nimo,2,Male,50,Female,50
Phanice,2,Male,1,Female,100
Kipkirui,1,Male,100,Female,1
Ubah,1,Male,50,Female,50
Pascal,1,Male,100,Female,1
Farhan,1,Male,50,Female,50
Gibson,1,Male,100,Female,1
Nduku,1,Male,17,Female,83
Kiplimo,1,Male,100,Female,1
Joram,1,Male,100,Female,1
Njogu,1,Male,58,Female,42
Nyakundi,1,Male,76,Female,24
Njiru,1,Male,46,Female,54
Ayan,1,Male,50,Female,50
Emanuel,1,Male,100,Female,1
Zakayo,1,Male,93,Female,7
Okello,1,Male,62,Female,38
Cherotich,1,Male,1,Female,100
Fiona,1,Male,1,Female,100
Ryan,1,Male,100,Female,1
June,1,Male,1,Female,100
Kirimi,1,Male,50,Female,50
Evelyne,1,Male,1,Female,100
Jedidah,1,Male,1,Female,100
Maingi,1,Male,53,Female,47
Samira,1,Male,50,Female,50
Mukami,1,Male,50,Female,50
Owuor,1,Male,63,Female,37
Murimi,1,Male,74,Female,26
Isack,1,Male,100,Female,1
Jael,1,Male,1,Female,100
Maryann,1,Male,1,Female,100
Zablon,1,Male,100,Female,1
Musau,1,Male,54,Female,46
Kelly,1,Male,68,Female,32
Emmy,1,Male,1,Female,100
Abdallah,1,Male,79,Female,21
Bashir,1,Male,50,Female,50
Rajab,1,Male,85,Female,15
Sila,1,Male,69,Female,31
Fardosa,1,Male,50,Female,50
Aggrey,1,Male,98,Female,2
Zainab,1,Male,1,Female,100
Mumbi,1,Male,19,Female,81
Milkah,1,Male,1,Female,100
Franklin,1,Male,100,Female,1
Safia,1,Male,50,Female,50
Phelix,1,Male,100,Female,1
Muturi,1,Male,61,Female,39
Frida,1,Male,1,Female,100
Kipkurui,1,Male,100,Female,1
Jepkemoi,1,Male,1,Female,100
Sheilla,1,Male,1,Female,100
Lorine,1,Male,1,Female,100
Elphas,1,Male,100,Female,1
Mwiti,1,Male,66,Female,34
Collince,1,Male,100,Female,1
Robin,1,Male,100,Female,1
Priscillah,1,Male,1,Female,100
Sylivia,1,Male,1,Female,100
Keziah,1,Male,1,Female,100
Jepkosgei,1,Male,1,Female,100
Munyoki,1,Male,46,Female,54
Ephantus,1,Male,100,Female,1
Anastacia,1,Male,1,Female,100
Gift,1,Male,50,Female,50
Muia,1,Male,51,Female,49
Abdirahim,1,Male,50,Female,50
Shamsa,1,Male,50,Female,50
Silvester,1,Male,100,Female,1
Gordon,1,Male,100,Female,1
Janeth,1,Male,1,Female,100
Christabel,1,Male,1,Female,100
Kemuma,1,Male,1,Female,100
Mwanajuma,1,Male,1,Female,100
Innocent,1,Male,85,Female,15
Kirui,1,Male,79,Female,21
Amin,1,Male,93,Female,7
Donald,1,Male,100,Female,1
Justin,1,Male,96,Female,4
Kinuthia,1,Male,62,Female,38
Kipsang,1,Male,90,Female,10
Kiarie,1,Male,61,Female,39
Maalim,1,Male,50,Female,50
Milton,1,Male,100,Female,1
Claire,1,Male,1,Female,100
Obed,1,Male,100,Female,1
Dekow,1,Male,50,Female,50
Owen,1,Male,100,Female,1
Bramwel,1,Male,100,Female,1
Zachary,1,Male,100,Female,1
Nduta,1,Male,23,Female,77
Clara,1,Male,1,Female,100
Waithera,1,Male,50,Female,50
Wambugu,1,Male,61,Female,39
Fidel,1,Male,100,Female,1
Aftin,1,Male,89,Female,11
Seth,1,Male,100,Female,1
Philis,1,Male,1,Female,100
Carlos,1,Male,100,Female,1
Mukhwana,1,Male,51,Female,49
Lynn,1,Male,1,Female,100
Lillian,1,Male,1,Female,100
Morine,1,Male,1,Female,100
Dolphine,1,Male,1,Female,100
Ndunge,1,Male,15,Female,85
Cleophas,1,Male,100,Female,1
Ifrah,1,Male,50,Female,50
Kimanzi,1,Male,60,Female,40
Melvine,1,Male,1,Female,100
Mitchelle,1,Male,1,Female,100
Furaha,1,Male,50,Female,50
Makena,1,Male,1,Female,100
Mutie,1,Male,59,Female,41
Javan,1,Male,100,Female,1
Abdimajid,1,Male,50,Female,50
Luke,1,Male,100,Female,1
Ondieki,1,Male,80,Female,20
Micheal,1,Male,100,Female,1
Elkana,1,Male,100,Female,1
Bahati,1,Male,27,Female,73
Precious,1,Male,50,Female,50
Salat,1,Male,50,Female,50
Flora,1,Male,1,Female,100
Nehemiah,1,Male,100,Female,1
Bridget,1,Male,1,Female,100
Stephanie,1,Male,50,Female,50
Sophy,1,Male,1,Female,100
Mutheu,1,Male,50,Female,50
Amon,1,Male,100,Female,1
Kanini,1,Male,20,Female,80
Makori,1,Male,78,Female,22
Issak,1,Male,50,Female,50
Halkano,1,Male,50,Female,50
Waithira,1,Male,50,Female,50
Debora,1,Male,1,Female,100
Deng,1,Male,50,Female,50
Musee,1,Male,65,Female,35
Aaron,1,Male,100,Female,1
Brigid,1,Male,1,Female,100
Kimeu,1,Male,51,Female,49
Nafuna,1,Male,50,Female,50
Nasambu,1,Male,50,Female,50
Amran,1,Male,50,Female,50
Phillip,1,Male,100,Female,1
Kipkosgei,1,Male,99,Female,1
Cherop,1,Male,50,Female,50
Ronny,1,Male,100,Female,1
Phyllis,1,Male,1,Female,100
Nixon,1,Male,100,Female,1
Whitney,1,Male,50,Female,50
Karani,1,Male,74,Female,26
Abdishakur,1,Male,50,Female,50
Livingstone,1,Male,100,Female,1
Edinah,1,Male,1,Female,100
Hashim,1,Male,50,Female,50
Wesonga,1,Male,63,Female,37
Abdiweli,1,Male,50,Female,50
Brandon,1,Male,50,Female,50
Wangila,1,Male,81,Female,19
Marvin,1,Male,100,Female,1
Simeon,1,Male,100,Female,1
Liban,1,Male,98,Female,2
Dancun,1,Male,100,Female,1
Phineas,1,Male,100,Female,1
Kosgei,1,Male,61,Female,39
Bryan,1,Male,100,Female,1
Jibril,1,Male,50,Female,50
Chepkemoi,1,Male,1,Female,100
Esha,1,Male,50,Female,50
Bridgit,1,Male,1,Female,100
Abednego,1,Male,100,Female,1
Centrine,1,Male,1,Female,100
Masika,1,Male,63,Female,37
Maryanne,1,Male,1,Female,100
Sheillah,1,Male,1,Female,100
Nahashon,1,Male,100,Female,1
Jenipher,1,Male,1,Female,100
Kadzo,1,Male,50,Female,50
Benta,1,Male,1,Female,100
Mutwiri,1,Male,50,Female,50
Safari,1,Male,50,Female,50
Lindah,1,Male,1,Female,100
Athuman,1,Male,83,Female,17
Farida,1,Male,1,Female,100
Ngari,1,Male,48,Female,52
Nzioka,1,Male,53,Female,47
Zainabu,1,Male,1,Female,100
Maimuna,1,Male,1,Female,100
Jamila,1,Male,1,Female,100
Felista,1,Male,1,Female,100
Stephene,1,Male,100,Female,1
Masinde,1,Male,73,Female,27
Athman,1,Male,88,Female,12
Natasha,1,Male,1,Female,100
Chelangat,1,Male,1,Female,100
Mathias,1,Male,95,Female,5
Vitalis,1,Male,100,Female,1
Bett,1,Male,82,Female,18
Saida,1,Male,1,Female,100
Mboya,1,Male,61,Female,39
Tsuma,1,Male,76,Female,24
Chepkorir,1,Male,1,Female,100
Yvone,1,Male,50,Female,50
Kipkemboi,1,Male,99,Female,1
Mohamedamin,1,Male,50,Female,50
Joe,1,Male,100,Female,1
Mulongo,1,Male,50,Female,50
Mutai,1,Male,82,Female,18
Mugendi,1,Male,62,Female,38
Kipngeno,1,Male,100,Female,1
Muthengi,1,Male,59,Female,41
Jairus,1,Male,100,Female,1
Bilha,1,Male,1,Female,100
Nyamai,1,Male,54,Female,46
Kipyegon,1,Male,100,Female,1
Njue,1,Male,58,Female,42
Gathoni,1,Male,26,Female,74
Sam,1,Male,100,Female,1
Muthoka,1,Male,52,Female,48
Chepkoech,1,Male,1,Female,100
Rabecca,1,Male,1,Female,100
Milcah,1,Male,1,Female,100
Muthama,1,Male,54,Female,46
Rogers,1,Male,100,Female,1
Ngigi,1,Male,58,Female,42
Dalmas,1,Male,100,Female,1
Rono,1,Male,80,Female,20
Faiza,1,Male,50,Female,50
Zawadi,1,Male,50,Female,50
Nderitu,1,Male,64,Female,36
Nzomo,1,Male,48,Female,52
Abdulrahman,1,Male,50,Female,50
Zeitun,1,Male,50,Female,50
Duke,1,Male,100,Female,1
Maryam,1,Male,50,Female,50
Clifford,1,Male,100,Female,1
Bravin,1,Male,100,Female,1
Philomena,1,Male,1,Female,100
Eddah,1,Male,1,Female,100
Weddy,1,Male,1,Female,100
Edgar,1,Male,100,Female,1
Washington,1,Male,100,Female,1
Nyawira,1,Male,15,Female,85
Sara,1,Male,1,Female,100
Laureen,1,Male,1,Female,100
Claris,1,Male,50,Female,50
Thuo,1,Male,56,Female,44
Willis,1,Male,100,Female,1
Abdisalam,1,Male,50,Female,50
Deka,1,Male,50,Female,50
Ivone,1,Male,1,Female,100
Hawo,1,Male,50,Female,50
Oloo,1,Male,53,Female,47